Hour,Baseline (kW),VFD Fans & Pumps,Thermostat Optimization,High Efficiency Chiller,LED Lighting Retrofit,Economizer + DCV,Combined Measures
0,28.7,28.0,27.0,26.4,27.1,27.3,23.6
1000,115.3,112.6,108.5,106.2,108.9,109.6,94.8
2000,64.4,62.8,60.6,59.3,60.8,61.2,52.9
3000,13.6,13.3,12.8,12.5,12.9,12.9,11.2
4000,100.6,98.2,94.7,92.6,95.0,95.6,82.7
5000,123.4,120.5,116.2,113.6,116.6,117.4,101.5
6000,19.5,19.0,18.3,17.9,18.4,18.5,16.0
7000,80.5,78.6,75.8,74.2,76.1,76.6,66.2
8000,83.5,81.5,78.6,76.8,78.8,79.4,68.6
